iso3,iso2,country,continent,continent2,gid_region,lowest,ignore,Population,iea_classification,wb_region,income,operators,adb_region
ARM,AM,Armenia,Asia,Europe,1,1,0,2968128,Eurasia,Europe and Central Asia,UMIC,3,Caucasus and Central Asia
AZE,AZ,Azerbaijan,Asia,Europe,1,1,0,10145212,Eurasia,Europe and Central Asia,UMIC,3,Caucasus and Central Asia
GEO,GE,Georgia,Asia,Europe,1,2,0,3708610,Eurasia,Europe and Central Asia,UMIC,2,Caucasus and Central Asia
KAZ,KZ,Kazakhstan,Asia,Europe,1,2,0,19002586,Eurasia,Europe and Central Asia,UMIC,4,Caucasus and Central Asia
KGZ,KG,Kyrgyzstan,Asia,Europe,1,2,0,6694200,Eurasia,Europe and Central Asia,LMIC,3,Caucasus and Central Asia
TJK,TJ,Tajikistan,Asia,Europe,1,2,0,9749625,Eurasia,Europe and Central Asia,LIC,5,Caucasus and Central Asia
TKM,TM,Turkmenistan,Asia,Europe,1,1,0,6117933,Eurasia,Europe and Central Asia,UMIC,2,Caucasus and Central Asia
UZB,UZ,Uzbekistan,Asia,Europe,1,2,0,34915100,Eurasia,Europe and Central Asia,LMIC,4,Caucasus and Central Asia
CHN,CN,China,Asia,NE Asia,2,2,0,1412360000,China,East Asia and Pacific,UMIC,3,East Asia
HKG,HK,Hong Kong,Asia,NE Asia,1,1,0,7413100,Asia Pacific,East Asia and Pacific,HIC,5,East Asia
KOR,KR,Korea (the Republic of),Asia,NE Asia,1,2,0,51744876,Asia Pacific,East Asia and Pacific,HIC,3,East Asia
MNG,MN,Mongolia,Asia,NE Asia,1,2,0,3329282,Asia Pacific,East Asia and Pacific,LMIC,3,East Asia
TWN,TW,Taiwan (Province of China),Asia,NE Asia,1,2,0,0,Asia Pacific,East Asia and Pacific,UMIC,4,East Asia
BTN,BT,Bhutan,Asia,S&SE Asia,2,2,0,779900,Asia Pacific,East Asia and Pacific,LMIC,2,South Asia
NPL,NP,Nepal,Asia,S&SE Asia,1,2,0,29674920,Asia Pacific,East Asia and Pacific,LMIC,2,South Asia
MDV,MV,Maldives,Asia,S&SE Asia,0,0,0,543620,European Union,Europe and Central Asia,HIC,3,South Asia
AFG,AF,Afghanistan,Asia,S&SE Asia,2,2,0,39835428,Middle East,South Asia,LIC,4,South Asia
BGD,BD,Bangladesh,Asia,S&SE Asia,2,2,0,166303494,Asia Pacific,South Asia,LMIC,5,South Asia
IND,IN,India,Asia,S&SE Asia,2,2,0,1393409033,India,South Asia,LMIC,5,South Asia
PAK,PK,Pakistan,Asia,S&SE Asia,1,2,0,225199929,Asia Pacific,South Asia,LMIC,4,South Asia
LKA,LK,Sri Lanka,Asia,S&SE Asia,1,2,0,22156000,Asia Pacific,South Asia,LMIC,4,South Asia
BRN,BN,Brunei Darussalam,Asia,S&SE Asia,1,2,0,441532,Asia Pacific,East Asia and Pacific,HIC,2,Southeast Asia
KHM,KH,Cambodia,Asia,S&SE Asia,1,2,0,16946446,Asia Pacific,East Asia and Pacific,LMIC,3,Southeast Asia
IDN,ID,Indonesia,Asia,S&SE Asia,1,2,0,276361788,Asia Pacific,East Asia and Pacific,UMIC,4,Southeast Asia
LAO,LA,Lao People's Democratic Republic (the),Asia,S&SE Asia,1,2,0,7379358,Asia Pacific,East Asia and Pacific,LMIC,4,Southeast Asia
MYS,MY,Malaysia,Asia,S&SE Asia,1,2,0,32776195,Asia Pacific,East Asia and Pacific,UMIC,4,Southeast Asia
MMR,MM,Myanmar,Asia,S&SE Asia,1,2,0,54806014,Asia Pacific,East Asia and Pacific,LMIC,3,Southeast Asia
PHL,PH,Philippines (the),Asia,S&SE Asia,1,2,0,111046910,Asia Pacific,East Asia and Pacific,LMIC,3,Southeast Asia
SGP,SG,Singapore,Asia,S&SE Asia,1,1,0,5453566,Asia Pacific,East Asia and Pacific,HIC,3,Southeast Asia
THA,TH,Thailand,Asia,S&SE Asia,1,2,0,69950844,Asia Pacific,East Asia and Pacific,UMIC,5,Southeast Asia
TLS,TL,Timor-Leste,Asia,S&SE Asia,1,2,0,1343875,Asia Pacific,East Asia and Pacific,LMIC,2,Southeast Asia
VNM,VN,Viet Nam,Asia,S&SE Asia,1,2,0,98168829,Asia Pacific,East Asia and Pacific,LMIC,8,Southeast Asia
FJI,FJ,Fiji,Oceania,S&SE Asia,1,1,0,902899,Asia Pacific,East Asia and Pacific,UMIC,2,The Pacific
PNG,PG,Papua New Guinea,Oceania,S&SE Asia,1,2,0,9119005,Asia Pacific,East Asia and Pacific,LMIC,2,The Pacific
VUT,VU,Vanuatu,Oceania,S&SE Asia,1,1,0,314464,Asia Pacific,East Asia and Pacific,LMIC,3,The Pacific
COK,CK,Cook Islands (the),Oceania,S&SE Asia,0,0,0,0,,,HIC,1,The Pacific
KIR,KI,Kiribati,Oceania,S&SE Asia,0,0,0,121388,,,LMIC,2,The Pacific
MHL,MH,Marshall Islands (the),Oceania,S&SE Asia,0,0,0,59618,,,UMIC,4,The Pacific
FSM,FM,Micronesia (Federated States of),Oceania,S&SE Asia,1,1,0,116255,,,LMIC,1,The Pacific
NRU,NR,Nauru,Oceania,S&SE Asia,1,1,0,10873,,,HIC,2,The Pacific
NIU,NU,Niue,Oceania,S&SE Asia,0,0,0,0,,,HIC,1,The Pacific
PLW,PW,Palau,Oceania,S&SE Asia,1,1,0,18174,,,HIC,1,The Pacific
WSM,WS,Samoa,Oceania,S&SE Asia,1,1,0,200144,,,LMIC,1,The Pacific
SLB,SB,Solomon Islands,Oceania,S&SE Asia,1,1,0,703995,Asia Pacific,,LMIC,2,The Pacific
TON,TO,Tonga,Oceania,S&SE Asia,1,1,0,106759,,,UMIC,2,The Pacific
TUV,TV,Tuvalu,Oceania,S&SE Asia,1,1,0,11925,,,UMIC,1,The Pacific
JPN,JP,Japan,Asia,NE Asia,1,2,0,125681593,Japan,East Asia and Pacific,HIC,4,
PRK,KP,Korea (the Democratic People's Republic of),Asia,NE Asia,1,2,1,25887045,Asia Pacific,East Asia and Pacific,LIC,2,
MAC,MO,Macao,Asia,NE Asia,1,1,1,658391,Asia Pacific,East Asia and Pacific,HIC,4,
AUS,AU,Australia,Oceania,S&SE Asia,2,2,0,25739256,Asia Pacific,East Asia and Pacific,HIC,4,
NCL,NC,New Caledonia,Oceania,S&SE Asia,1,2,1,272620,Asia Pacific,East Asia and Pacific,HIC,1,
NZL,NZ,New Zealand,Oceania,S&SE Asia,1,2,0,5122600,Asia Pacific,East Asia and Pacific,HIC,3,
ISR,IL,Israel,Asia,MENA,1,1,0,9364000,Europe,Europe and Central Asia,HIC,5,
RUS,RU,Russian Federation (the),Asia,Europe,1,2,0,143446060,Russia,Europe and Central Asia,UMIC,4,
ALB,AL,Albania,Europe,Europe,2,2,0,2811666,Europe,Europe and Central Asia,UMIC,4,
AUT,AT,Austria,Europe,Europe,1,1,0,8956279,European Union,Europe and Central Asia,HIC,4,
BLR,BY,Belarus,Europe,Europe,2,2,0,9340314,Europe,Europe and Central Asia,UMIC,3,
BEL,BE,Belgium,Europe,Europe,2,2,0,11587882,European Union,Europe and Central Asia,HIC,3,
BIH,BA,Bosnia and Herzegovina,Europe,Europe,2,2,0,3263459,Europe,Europe and Central Asia,UMIC,3,
BGR,BG,Bulgaria,Europe,Europe,1,2,0,6899125,European Union,Europe and Central Asia,UMIC,3,
HRV,CU,Croatia,Europe,Europe,1,1,0,3899000,European Union,Europe and Central Asia,HIC,1,
CYP,CZ,Cyprus,Europe,Europe,1,1,0,1215588,European Union,Europe and Central Asia,HIC,3,
CZE,CI,Czechia,Europe,Europe,1,2,0,10703446,European Union,Europe and Central Asia,HIC,3,
DNK,DK,Denmark,Europe,Europe,1,2,0,5856733,European Union,Europe and Central Asia,HIC,4,
EST,EE,Estonia,Europe,Europe,1,2,0,1329254,European Union,Europe and Central Asia,HIC,3,
FIN,FI,Finland,Europe,Europe,1,2,0,5541696,European Union,Europe and Central Asia,HIC,3,
FRA,FR,France,Europe,Europe,2,2,0,67499343,European Union,Europe and Central Asia,HIC,4,
DEU,DE,Germany,Europe,Europe,1,2,0,83129285,European Union,Europe and Central Asia,HIC,4,
GRC,GR,Greece,Europe,Europe,1,2,0,10664568,European Union,Europe and Central Asia,HIC,3,
HUN,HU,Hungary,Europe,Europe,1,2,0,9709886,European Union,Europe and Central Asia,HIC,3,
ISL,IS,Iceland,Europe,Europe,1,2,1,372295,Europe,Europe and Central Asia,HIC,3,
IRL,IE,Ireland,Europe,Europe,1,1,0,5028230,European Union,Europe and Central Asia,HIC,3,
IMN,IM,Isle of Man,Europe,Europe,1,1,1,85410,Europe,Europe and Central Asia,HIC,4,
ITA,IT,Italy,Europe,Europe,1,2,0,59066225,European Union,Europe and Central Asia,HIC,4,
LVA,LV,Latvia,Europe,Europe,1,2,0,1883162,European Union,Europe and Central Asia,HIC,3,
LTU,LT,Lithuania,Europe,Europe,1,2,0,2795321,European Union,Europe and Central Asia,HIC,3,
LUX,LU,Luxembourg,Europe,Europe,1,1,1,639070,European Union,Europe and Central Asia,HIC,3,
MDA,MD,Moldova (the Republic of),Europe,Europe,1,1,0,2573928,Europe,Europe and Central Asia,LMIC,3,
MNE,ME,Montenegro,Europe,Europe,1,1,1,620173,Europe,Europe and Central Asia,UMIC,3,
NLD,NL,Netherlands (the),Europe,Europe,1,2,0,17533405,European Union,Europe and Central Asia,HIC,4,
NOR,NO,Norway,Europe,Europe,1,2,0,5408320,Europe,Europe and Central Asia,HIC,3,
POL,PL,Poland,Europe,Europe,1,2,0,37781024,European Union,Europe and Central Asia,HIC,4,
PRT,PT,Portugal,Europe,Europe,1,2,0,10299423,European Union,Europe and Central Asia,HIC,3,
ROU,RO,Romania,Europe,Europe,1,2,0,19115146,European Union,Europe and Central Asia,HIC,4,
SRB,RS,Serbia,Europe,Europe,1,2,0,6844078,Europe,Europe and Central Asia,UMIC,3,
SVK,SK,Slovakia,Europe,Europe,1,2,0,5447247,European Union,Europe and Central Asia,HIC,4,
SVN,SI,Slovenia,Europe,Europe,1,2,0,2107007,European Union,Europe and Central Asia,HIC,4,
ESP,ES,Spain,Europe,Europe,2,2,0,47326687,European Union,Europe and Central Asia,HIC,4,
SWE,SE,Sweden,Europe,Europe,1,2,0,10415811,European Union,Europe and Central Asia,HIC,4,
CHE,CH,Switzerland,Europe,Europe,1,2,0,8697723,Europe,Europe and Central Asia,HIC,3,
TUR,TR,Turkey,Europe,Europe,1,2,0,85042736,Europe,Europe and Central Asia,UMIC,3,
UKR,UA,Ukraine,Europe,Europe,1,2,0,43814581,Europe,Europe and Central Asia,LMIC,3,
GBR,GB,United Kingdom,Europe,Europe,2,2,0,67326569,Europe,Europe and Central Asia,HIC,4,
BRB,BB,Barbados,North America,LAC,1,1,1,287708,Central and South America,Latin America and Caribbean,HIC,1,
BLZ,BZ,Belize,North America,LAC,1,1,1,404915,Central and South America,Latin America and Caribbean,UMIC,3,
CRI,CR,Costa Rica,North America,LAC,1,2,0,5139053,Central and South America,Latin America and Caribbean,UMIC,3,
CUB,CW,Cuba,North America,LAC,1,2,0,11317498,Central and South America,Latin America and Caribbean,UMIC,1,
DMA,DM,Dominica,North America,LAC,1,1,1,72172,Central and South America,Latin America and Caribbean,UMIC,1,
DOM,DO,Dominican Republic (the),North America,LAC,1,2,0,10953714,Central and South America,Latin America and Caribbean,UMIC,3,
SLV,SV,El Salvador,North America,LAC,1,2,0,6518500,Central and South America,Latin America and Caribbean,LMIC,4,
GRD,GD,Grenada,North America,LAC,1,1,1,113015,Central and South America,Latin America and Caribbean,UMIC,3,
GLP,GP,Guadeloupe,North America,LAC,1,1,1,0,Central and South America,Latin America and Caribbean,LIC,3,
GTM,GT,Guatemala,North America,LAC,1,2,0,17109746,Central and South America,Latin America and Caribbean,UMIC,3,
HTI,HT,Haiti,North America,LAC,1,2,0,11541683,Central and South America,Latin America and Caribbean,LIC,2,
HND,HN,Honduras,North America,LAC,1,2,0,10062994,Central and South America,Latin America and Caribbean,LMIC,4,
JAM,JM,Jamaica,North America,LAC,1,1,0,2973462,Central and South America,Latin America and Caribbean,UMIC,3,
MTQ,MQ,Martinique,North America,LAC,1,1,1,0,Central and South America,Latin America and Caribbean,LMIC,3,
NIC,NI,Nicaragua,North America,LAC,1,2,0,6702379,Central and South America,Latin America and Caribbean,LMIC,2,
PAN,PA,Panama,North America,LAC,1,2,0,4381583,Central and South America,Latin America and Caribbean,HIC,4,
PRI,PR,Puerto Rico,North America,LAC,1,1,0,3263584,Central and South America,Latin America and Caribbean,HIC,2,
TTO,TT,Trinidad and Tobago,North America,LAC,1,1,0,1403374,Central and South America,Latin America and Caribbean,HIC,2,
ARG,AR,Argentina,South America,LAC,2,2,0,45808747,Central and South America,Latin America and Caribbean,UMIC,4,
BOL,BO,Bolivia (Plurinational State of),South America,LAC,2,2,0,11832936,Central and South America,Latin America and Caribbean,LMIC,3,
BRA,BR,Brazil,South America,LAC,1,2,0,213993441,Brazil,Latin America and Caribbean,UMIC,4,
CHL,CL,Chile,South America,LAC,1,2,0,19212362,Central and South America,Latin America and Caribbean,HIC,4,
COL,CO,Colombia,South America,LAC,1,2,0,51265841,Central and South America,Latin America and Caribbean,UMIC,3,
ECU,EC,Ecuador,South America,LAC,1,2,0,17888474,Central and South America,Latin America and Caribbean,UMIC,3,
GUF,GF,French Guiana,South America,LAC,1,2,1,0,Central and South America,Latin America and Caribbean,UMIC,3,
GUY,GY,Guyana,South America,LAC,1,2,1,790329,Central and South America,Latin America and Caribbean,UMIC,2,
PRY,PY,Paraguay,South America,LAC,1,2,0,7219641,Central and South America,Latin America and Caribbean,UMIC,4,
PER,PE,Peru,South America,LAC,1,2,0,33359416,Central and South America,Latin America and Caribbean,UMIC,4,
SUR,SR,Suriname,South America,LAC,1,2,1,591798,Central and South America,Latin America and Caribbean,UMIC,2,
URY,UY,Uruguay,South America,LAC,1,2,0,3485152,Central and South America,Latin America and Caribbean,HIC,3,
VEN,VE,Venezuela (Bolivarian Republic of),South America,LAC,1,2,0,28704947,Central and South America,Latin America and Caribbean,UMIC,3,
DZA,DZ,Algeria,Africa,MENA,2,2,0,44616626,Africa,Middle East and North Africa,LMIC,3,
DJI,DJ,Djibouti,Africa,MENA,1,2,0,1002197,Africa,Middle East and North Africa,LMIC,1,
EGY,EG,Egypt,Africa,MENA,1,2,0,104258327,Africa,Middle East and North Africa,LMIC,3,
LBY,LY,Libya,Africa,MENA,1,1,0,6958538,Africa,Middle East and North Africa,UMIC,3,
MRT,MR,Mauritania,Africa,MENA,1,1,0,4775110,Africa,Middle East and North Africa,LMIC,3,
MAR,MA,Morocco,Africa,MENA,1,2,0,37344787,Africa,Middle East and North Africa,LMIC,3,
TUN,TN,Tunisia,Africa,MENA,1,2,0,11935764,Africa,Middle East and North Africa,LMIC,3,
BHR,BH,Bahrain,Asia,MENA,1,1,0,1748295,Middle East,Middle East and North Africa,HIC,3,
IRN,IR,Iran (Islamic Republic of),Asia,MENA,1,2,0,85028760,Middle East,Middle East and North Africa,UMIC,3,
IRQ,IQ,Iraq,Asia,MENA,1,2,0,41179351,Middle East,Middle East and North Africa,UMIC,3,
JOR,JO,Jordan,Asia,MENA,1,2,0,10269022,Middle East,Middle East and North Africa,UMIC,3,
KWT,KW,Kuwait,Asia,MENA,1,1,0,4328553,Middle East,Middle East and North Africa,HIC,3,
LBN,LB,Lebanon,Asia,MENA,1,2,0,6769151,Middle East,Middle East and North Africa,UMIC,2,
OMN,OM,Oman,Asia,MENA,1,2,0,5223376,Middle East,Middle East and North Africa,HIC,2,
QAT,QA,Qatar,Asia,MENA,1,1,0,2930524,Middle East,Middle East and North Africa,HIC,2,
SAU,SA,Saudi Arabia,Asia,MENA,1,1,0,35340680,Middle East,Middle East and North Africa,HIC,3,
SYR,SY,Syrian Arab Republic,Asia,MENA,1,2,0,18275704,Middle East,Middle East and North Africa,LIC,2,
ARE,AE,United Arab Emirates (the),Asia,MENA,1,2,0,9991083,Middle East,Middle East and North Africa,HIC,2,
YEM,YE,Yemen,Asia,MENA,2,2,0,30490639,Middle East,Middle East and North Africa,LIC,3,
CAN,CA,Canada,North America,N America,2,2,0,38246108,North America,North America,HIC,4,
MEX,MX,Mexico,North America,N America,1,2,0,130262220,North America,North America,UMIC,4,
USA,US,United States of America (the),North America,N America,2,2,0,331893745,United States,North America,HIC,4,
AGO,AO,Angola,Africa,SSA,2,2,0,33933611,Africa,Sub-Saharan Africa,LMIC,2,
BEN,BJ,Benin,Africa,SSA,1,1,0,12451031,Africa,Sub-Saharan Africa,LMIC,3,
BWA,BW,Botswana,Africa,SSA,2,2,0,2397240,Africa,Sub-Saharan Africa,UMIC,3,
BFA,BF,Burkina Faso,Africa,SSA,1,2,0,21497097,Africa,Sub-Saharan Africa,LIC,3,
BDI,BI,Burundi,Africa,SSA,1,2,0,12255429,Africa,Sub-Saharan Africa,LIC,2,
CPV,CV,Cabo Verde,Africa,SSA,1,1,1,561901,Africa,Sub-Saharan Africa,LMIC,2,
CMR,CM,Cameroon,Africa,SSA,1,2,0,27224262,Africa,Sub-Saharan Africa,LMIC,3,
CAF,CF,Central African Republic (the),Africa,SSA,1,2,0,4919987,Africa,Sub-Saharan Africa,LIC,4,
TCD,TD,Chad,Africa,SSA,1,2,0,16914985,Africa,Sub-Saharan Africa,LIC,3,
COD,CD,Congo (the Democratic Republic of the),Africa,SSA,1,2,0,92377986,Africa,Sub-Saharan Africa,LIC,4,
COG,CG,Congo (the),Africa,SSA,1,2,0,5657017,Africa,Sub-Saharan Africa,LMIC,2,
CIV,HR,Côte d'Ivoire,Africa,SSA,1,2,0,27053629,Africa,Sub-Saharan Africa,LMIC,3,
GNQ,GQ,Equatorial Guinea,Africa,SSA,1,2,0,1449891,Africa,Sub-Saharan Africa,UMIC,2,
ERI,ER,Eritrea,Africa,SSA,1,2,1,0,Africa,Sub-Saharan Africa,LIC,1,
SWZ,SZ,Eswatini,Africa,SSA,1,1,0,1172369,Africa,Sub-Saharan Africa,LMIC,2,
ETH,ET,Ethiopia,Africa,SSA,1,2,0,117876226,Africa,Sub-Saharan Africa,LIC,1,
GAB,GA,Gabon,Africa,SSA,1,2,0,2278829,Africa,Sub-Saharan Africa,UMIC,4,
GMB,GM,Gambia (the),Africa,SSA,1,2,0,2486937,Africa,Sub-Saharan Africa,LIC,4,
GHA,GH,Ghana,Africa,SSA,2,2,0,31732128,Africa,Sub-Saharan Africa,LMIC,6,
GIN,GN,Guinea,Africa,SSA,1,2,0,13497237,Africa,Sub-Saharan Africa,LIC,4,
GNB,GW,Guinea-Bissau,Africa,SSA,1,2,0,2015490,Africa,Sub-Saharan Africa,LIC,4,
KEN,KE,Kenya,Africa,SSA,1,2,0,54985702,Africa,Sub-Saharan Africa,LMIC,3,
LSO,LS,Lesotho,Africa,SSA,1,1,0,2159067,Africa,Sub-Saharan Africa,LMIC,2,
LBR,LR,Liberia,Africa,SSA,1,2,0,5180208,Africa,Sub-Saharan Africa,LIC,3,
MDG,MG,Madagascar,Africa,SSA,1,2,0,28427333,Africa,Sub-Saharan Africa,LIC,3,
MWI,MW,Malawi,Africa,SSA,1,2,0,19647681,Africa,Sub-Saharan Africa,LIC,3,
MLI,ML,Mali,Africa,SSA,1,2,0,20855724,Africa,Sub-Saharan Africa,LIC,2,
MUS,MU,Mauritius,Africa,SSA,1,1,0,1266060,Africa,Sub-Saharan Africa,HIC,3,
MOZ,MZ,Mozambique,Africa,SSA,1,2,0,32163045,Africa,Sub-Saharan Africa,LIC,3,
NAM,NA,Namibia,Africa,SSA,1,2,0,2587344,Africa,Sub-Saharan Africa,UMIC,2,
NER,NE,Niger (the),Africa,SSA,1,2,0,25130810,Africa,Sub-Saharan Africa,LIC,2,
NGA,NG,Nigeria,Africa,SSA,1,2,0,211400704,Africa,Sub-Saharan Africa,LMIC,4,
RWA,RW,Rwanda,Africa,SSA,1,2,0,13276517,Africa,Sub-Saharan Africa,LIC,3,
SEN,SN,Senegal,Africa,SSA,1,2,0,17196308,Africa,Sub-Saharan Africa,LMIC,3,
SYC,SC,Seychelles,Africa,SSA,1,1,1,99202,Africa,Sub-Saharan Africa,HIC,2,
SLE,SL,Sierra Leone,Africa,SSA,1,2,0,8141343,Africa,Sub-Saharan Africa,LIC,2,
SOM,SO,Somalia,Africa,SSA,1,2,0,16359500,Africa,Sub-Saharan Africa,LIC,3,
ZAF,ZA,South Africa,Africa,SSA,1,2,0,60041996,Africa,Sub-Saharan Africa,UMIC,5,
SSD,SS,South Sudan,Africa,SSA,1,1,0,11381377,Africa,Sub-Saharan Africa,LIC,3,
SDN,SD,Sudan (the),Africa,SSA,1,2,0,44909351,Africa,Sub-Saharan Africa,LIC,3,
TZA,TZ,Tanzania,Africa,SSA,1,2,0,61498438,Africa,Sub-Saharan Africa,LMIC,5,
TGO,TG,Togo,Africa,SSA,1,2,0,8478242,Africa,Sub-Saharan Africa,LIC,2,
UGA,UG,Uganda,Africa,SSA,1,2,0,47123533,Africa,Sub-Saharan Africa,LIC,4,
ZMB,ZM,Zambia,Africa,SSA,2,2,0,18920657,Africa,Sub-Saharan Africa,LMIC,3,
ZWE,ZW,Zimbabwe,Africa,SSA,2,2,0,15092171,Africa,Sub-Saharan Africa,LMIC,3,
COM,KM,Comoros (the),Africa,,0,0,1,888456,Africa,,,2,
MYT,YT,Mayotte,Africa,,1,2,1,0,,,,4,
REU,RE,Réunion,Africa,,1,1,1,0,,,,3,
SHN,SH,"Saint Helena, Ascension and Tristan da Cunha",Africa,,1,1,1,0,,,,3,
STP,ST,Sao Tome and Principe,Africa,,1,1,1,223364,,,,2,
ESH,EH,Western Sahara,Africa,,1,1,1,0,,,,1,
ATA,AQ,Antarctica,Antarctica,,2,2,1,0,,,,1,
BVT,BV,Bouvet Island,Antarctica,,2,2,1,0,,,,2,
ATF,TF,French Southern Territories (the),Antarctica,,1,1,1,0,,,,1,
HMD,HM,Heard Island and McDonald Islands,Antarctica,,1,1,1,0,,,,5,
SGS,GS,South Georgia and the South Sandwich Islands,Antarctica,,1,1,1,0,,,,3,
IOT,IO,British Indian Ocean Territory (the),Asia,,1,2,1,0,,,,4,
CXR,CX,Christmas Island,Asia,,1,1,1,0,,,,3,
CCK,CC,Cocos (Keeling) Islands (the),Asia,,1,1,1,0,,,,4,
PSE,PS,"Palestine, State of",Asia,,1,1,1,4922749,,,,5,
ALA,AX,Åland Islands,Europe,,2,2,1,0,,,,2,
AND,AD,Andorra,Europe,,1,1,1,77354,,,,1,
FRO,FO,Faroe Islands (the),Europe,,1,1,1,49053,,,,2,
GIB,GI,Gibraltar,Europe,,0,0,1,33691,,,,2,
GGY,GG,Guernsey,Europe,,1,1,1,0,,,,2,
VAT,VA,Holy See (the),Europe,,1,1,1,0,,,,4,
JEY,JE,Jersey,Europe,,1,1,1,0,,,,3,
LIE,LI,Liechtenstein,Europe,,1,1,1,38254,,,,3,
MLT,MT,Malta,Europe,,1,2,1,516869,European Union,,,2,
MCO,MC,Monaco,Europe,,1,0,1,39520,,,,3,
MKD,MK,Republic of North Macedonia,Europe,,1,1,1,2065092,,,,3,
SMR,SM,San Marino,Europe,,1,1,1,34010,,,,1,
SJM,SJ,Svalbard and Jan Mayen,Europe,,1,1,1,0,,,,3,
AIA,AI,Anguilla,North America,N America,0,0,1,0,,,,2,
ATG,AG,Antigua and Barbuda,North America,N America,1,1,1,98728,,,,1,
ABW,AW,Aruba,North America,N America,0,0,1,107195,,,,2,
BHS,BS,Bahamas (the),North America,N America,1,1,1,396914,,,,2,
BMU,BM,Bermuda,North America,N America,1,1,1,63867,,,,2,
BES,BQ,"Bonaire, Sint Eustatius and Saba",North America,N America,1,1,1,0,,,,3,
CYM,KY,Cayman Islands (the),North America,N America,1,1,1,66498,,,,1,
CUW,CY,Curaçao,North America,N America,0,0,1,152369,,,,3,
GRL,GL,Greenland,North America,N America,1,1,1,56653,,,,1,
MSR,MS,Montserrat,North America,N America,1,1,1,0,,,,1,
BLM,BL,Saint Barthélemy,North America,N America,1,1,1,0,,,,3,
KNA,KN,Saint Kitts and Nevis,North America,N America,1,1,1,53546,,,,2,
LCA,LC,Saint Lucia,North America,N America,1,1,1,184401,,,,1,
MAF,MF,Saint Martin (French part),North America,N America,1,1,1,39239,,,,4,
SPM,PM,Saint Pierre and Miquelon,North America,N America,1,1,1,0,,,,2,
VCT,VC,Saint Vincent and the Grenadines,North America,N America,1,1,1,111269,,,,1,
SXM,SX,Sint Maarten (Dutch part),North America,N America,1,1,1,42846,,,,2,
TCA,TC,Turks and Caicos Islands (the),North America,N America,1,1,1,39226,,,,3,
VGB,VG,Virgin Islands (British),North America,N America,1,1,1,30423,,,,3,
VIR,VI,Virgin Islands (U.S.),North America,N America,1,1,1,105870,,,,3,
ASM,AS,American Samoa,Oceania,S&SE Asia,1,1,1,55103,,,,1,
PYF,PF,French Polynesia,Oceania,S&SE Asia,1,1,1,282534,,,,2,
GUM,GU,Guam,Oceania,S&SE Asia,1,1,1,170184,,,,3,
NFK,NF,Norfolk Island,Oceania,S&SE Asia,1,1,1,0,,,,2,
MNP,MP,Northern Mariana Islands (the),Oceania,S&SE Asia,1,1,1,57910,,,,3,
PCN,PN,Pitcairn,Oceania,S&SE Asia,1,1,1,0,,,,4,
TKL,TK,Tokelau,Oceania,S&SE Asia,1,1,1,0,,,,5,
UMI,UM,United States Minor Outlying Islands (the),Oceania,S&SE Asia,1,1,1,0,,,,3,
WLF,WF,Wallis and Futuna,Oceania,S&SE Asia,1,1,1,0,,,,3,
FLK,FK,Falkland Islands (the) [Malvinas],South America,,0,0,1,0,,,,1,
XKO,,Kosovo,,,0,0,1,0,,,,1,
